input,output
"Regularization is a set of methods for reducing overfitting in machine learning models. Typically, regularization trades a marginal decrease in training accuracy for an increase in generalizability.

Regularization encompasses a range of techniques to correct for overfitting in machine learning models. As such, regularization is a method for increasing a model’s generalizability—that is, it’s ability to produce accurate predictions on new datasets.1 Regularization provides this increased generalizability at the sake of increased training error. In other words, regularization methods typically lead to less accurate predictions on training data but more accurate predictions on test data.

Regularization differs from optimization. Essentially, the former increases model generalizability while the latter increases model training accuracy. Both are important concepts in machine learning and data science.

There are many forms of regularization. Anything in the way of a complete guide requires a much longer book-length treatment. Nevertheless, this article provides an overview of the theory necessary to understand regularization’s purpose in machine learning as well as a survey of several popular regularization techniques.","Regularization techniques aim to mitigate overfitting in machine learning models by sacrificing a small reduction in training accuracy for improved generalizability, resulting in more accurate predictions on unseen data. These methods differ from optimization, which primarily focuses on enhancing training accuracy, and encompass various approaches to address overfitting effectively."
"Resume parsing refers to the automated storage, organization and analysis of job resumes. Resume parsing software provides companies an efficient way to identify keywords, skills, and so forth, in order to sort through large quantities of applications to identify the best applicants.

Why use resume parsing?
Recruiters use resume parsers in order to streamline the resume and applicant screening process. Parsing technology allows recruiters to electronically gather, store, and organize large quantities of resumes. Once acquired, the resume data can be easily searched through and analyzed.

Resume parsing tools are part of most Applicant Tracking Software (ATS) platforms. By some estimates, the best resume parsing technology not only works exponentially quicker than human resume processing, converting hours of labor into seconds, but can replicate human accuracy at a rate of 95%.","Resume parsing automates the extraction and analysis of resume data, enabling recruiters to quickly identify relevant information such as keywords and skills. Integrated into Applicant Tracking Software (ATS) platforms, these tools expedite the screening process, offering both speed and accuracy, significantly reducing the time and effort required for candidate evaluation."
"k-means clustering is a method of vector quantization, originally from signal processing, that aims to partition n observations into k clusters in which each observation belongs to the cluster with the nearest mean (cluster centers or cluster centroid), serving as a prototype of the cluster. This results in a partitioning of the data space into Voronoi cells. k-means clustering minimizes within-cluster variances (squared Euclidean distances), but not regular Euclidean distances, which would be the more difficult Weber problem: the mean optimizes squared errors, whereas only the geometric median minimizes Euclidean distances. For instance, better Euclidean solutions can be found using k-medians and k-medoids.

The problem is computationally difficult (NP-hard); however, efficient heuristic algorithms converge quickly to a local optimum. These are usually similar to the expectation-maximization algorithm for mixtures of Gaussian distributions via an iterative refinement approach employed by both k-means and Gaussian mixture modeling. They both use cluster centers to model the data; however, k-means clustering tends to find clusters of comparable spatial extent, while the Gaussian mixture model allows clusters to have different shapes.

The unsupervised k-means algorithm has a loose relationship to the k-nearest neighbor classifier, a popular supervised machine learning technique for classification that is often confused with k-means due to the name. Applying the 1-nearest neighbor classifier to the cluster centers obtained by k-means classifies new data into the existing clusters. This is known as nearest centroid classifier or Rocchio algorithm.","K-means clustering is a vector quantization method that partitions observations into clusters based on their proximity to cluster centroids, optimizing within-cluster variances. Despite being computationally difficult, efficient heuristic algorithms converge quickly to a local optimum, resembling the expectation-maximization algorithm, and it's distinct from the k-nearest neighbor classifier, though it can be applied similarly for classification tasks."
"Reinforcement learning (RL) is a machine learning (ML) technique that trains software to make decisions to achieve the most optimal results. It mimics the trial-and-error learning process that humans use to achieve their goals. Software actions that work towards your goal are reinforced, while actions that detract from the goal are ignored. 

RL algorithms use a reward-and-punishment paradigm as they process data. They learn from the feedback of each action and self-discover the best processing paths to achieve final outcomes. The algorithms are also capable of delayed gratification. The best overall strategy may require short-term sacrifices, so the best approach they discover may include some punishments or backtracking along the way. RL is a powerful method to help artificial intelligence (AI) systems achieve optimal outcomes in unseen environments.","Reinforcement learning is a machine learning technique where software learns to make decisions through trial-and-error, utilizing a reward-and-punishment paradigm to discover optimal strategies even if they involve short-term sacrifices, ultimately helping AI systems achieve optimal outcomes in novel environments."
"Supervised learning is a category of machine learning that uses labeled datasets to train algorithms to predict outcomes and recognize patterns. Unlike unsupervised learning, supervised learning algorithms are given labeled training to learn the relationship between the input and the outputs. 

Supervised machine learning algorithms make it easier for organizations to create complex models that can make accurate predictions. As a result, they are widely used across various industries and fields, including healthcare, marketing, financial services, and more. ","Supervised learning, utilizing labeled datasets to train algorithms for predicting outcomes and identifying patterns, is extensively employed across diverse industries due to its capability in creating accurate predictive models."
"Abstraction is the concept of hiding the internal details and describing things in simple terms. For example, a method that adds two integers. The internal processing of the method is hidden from the outer world. There are many ways to achieve abstraction in object-oriented programmings, such as encapsulation and inheritance. A Java program is also a great example of abstraction. Here java takes care of converting simple statements to machine language and hides the inner implementation details from the outer world.","Abstraction in object-oriented programming involves concealing internal complexities and presenting simplified descriptions, exemplified by methods like addition of integers, encapsulation, inheritance, and Java's ability to mask implementation details while converting statements to machine language."
"Data has become the cornerstone of decision-making for businesses across industries. Over the years, data analytics has evolved from merely describing past events to predicting future outcomes, ushering in a new era of proactive decision-making and strategic planning.

At its nascent stage, data analytics primarily focused on descriptive analytics, which involved analyzing historical data to understand what happened in the past. While descriptive analytics provided valuable insights into past performance and trends, it lacked the ability to anticipate future events or outcomes.

However, with advancements in technology and the proliferation of big data, the field of data analytics has evolved to encompass predictive analytics. Predictive analytics leverages statistical algorithms, machine learning techniques, and artificial intelligence to forecast future trends, behaviors, and outcomes based on historical data patterns. By harnessing the power of predictive analytics, businesses can gain a competitive edge by anticipating market trends, customer behavior, and potential risks. Whether it’s optimizing marketing campaigns, forecasting demand, or mitigating risks, predictive analytics empowers organizations to make informed decisions and take proactive measures to stay ahead of the curve.

As we continue to witness rapid advancements in data analytics technologies, the journey from descriptive to predictive analytics represents a paradigm shift in how businesses harness data to drive innovation, optimize operations, and unlock new opportunities for growth. Embracing predictive analytics is not just about understanding the future; it’s about shaping it.","The evolution from descriptive to predictive analytics signifies a transformative shift in leveraging data for proactive decision-making, enabling businesses to anticipate future outcomes and gain a competitive edge in various facets of operation."
"Cybersecurity is the practice of protecting internet-connected systems such as hardware, software and data from cyberthreats. It's used by individuals and enterprises to protect against unauthorized access to data centers and other computerized systems.

An effective cybersecurity strategy can provide a strong security posture against malicious attacks designed to access, alter, delete, destroy or extort an organization's or user's systems and sensitive data. Cybersecurity is also instrumental in preventing attacks designed to disable or disrupt a system's or device's operations.

An ideal cybersecurity approach should have multiple layers of protection across any potential access point or attack surface. This includes a protective layer for data, software, hardware and connected networks. In addition, all employees within an organization who have access to any of these endpoints should be trained on the proper compliance and security processes. Organizations also use tools such as unified threat management systems as another layer of protection against threats. These tools can detect, isolate and remediate potential threats and notify users if additional action is needed.","Cybersecurity encompasses protecting internet-connected systems from cyberthreats through multiple layers of defense, including safeguarding data, software, hardware, and networks, while also emphasizing employee training and utilizing unified threat management systems for threat detection and remediation."
"Network security is defined as the activity created to protect the integrity of your network and data. Every company or organization that handles a large amount of data, has a degree of solutions against many cyber threats. 

Any action intended to safeguard the integrity and usefulness of your data and network is known as network security. This is a broad, all-encompassing phrase that covers software and hardware solutions, as well as procedures, guidelines, and setups for network usage, accessibility, and general threat protection.

The most basic example of Network Security is password protection which the user of the network chooses. In recent times, Network Security has become the central topic of cyber security with many organizations inviting applications from people who have skills in this area. The network security solutions protect various vulnerabilities of the computer systems such as:

Users
Locations
Data
Devices
Applications","Network security involves implementing measures to protect the integrity and accessibility of data and networks, encompassing a range of software, hardware, procedures, and guidelines to mitigate cyber threats and vulnerabilities."
"Linear regression is a type of supervised machine learning algorithm that computes the linear relationship between the dependent variable and one or more independent features by fitting a linear equation to observed data.

When there is only one independent feature, it is known as Simple Linear Regression, and when there are more than one feature, it is known as Multiple Linear Regression.

Similarly, when there is only one dependent variable, it is considered Univariate Linear Regression, while when there are more than one dependent variables, it is known as Multivariate Regression.

Why Linear Regression is Important?
The interpretability of linear regression is a notable strength. The model’s equation provides clear coefficients that elucidate the impact of each independent variable on the dependent variable, facilitating a deeper understanding of the underlying dynamics. Its simplicity is a virtue, as linear regression is transparent, easy to implement, and serves as a foundational concept for more complex algorithms.

Linear regression is not merely a predictive tool; it forms the basis for various advanced models. Techniques like regularization and support vector machines draw inspiration from linear regression, expanding its utility. Additionally, linear regression is a cornerstone in assumption testing, enabling researchers to validate key assumptions about the data.","Linear regression, whether simple or multiple, univariate or multivariate, is a foundational supervised machine learning algorithm that computes the linear relationship between dependent and independent variables, offering interpretability, simplicity, and serving as the basis for more complex models and assumption testing in data analysis."
"What is the best Fit Line?
Our primary objective while using linear regression is to locate the best-fit line, which implies that the error between the predicted and actual values should be kept to a minimum. There will be the least error in the best-fit line.

The best Fit Line equation provides a straight line that represents the relationship between the dependent and independent variables. The slope of the line indicates how much the dependent variable changes for a unit change in the independent variable(s).

Here Y is called a dependent or target variable and X is called an independent variable also known as the predictor of Y. There are many types of functions or modules that can be used for regression. A linear function is the simplest type of function. Here, X may be a single feature or multiple features representing the problem.

Linear regression performs the task to predict a dependent variable value (y) based on a given independent variable (x)). Hence, the name is Linear Regression. In the figure above, X (input) is the work experience and Y (output) is the salary of a person. The regression line is the best-fit line for our model. 

We utilize the cost function to compute the best values in order to get the best fit line since different values for weights or the coefficient of lines result in different regression lines.","The best-fit line in linear regression minimizes the error between predicted and actual values, representing the relationship between dependent and independent variables through a straight line equation, determined by optimizing weights or coefficients using a cost function."
"Assumptions of Simple Linear Regression
Linear regression is a powerful tool for understanding and predicting the behavior of a variable, however, it needs to meet a few conditions in order to be accurate and dependable solutions. 

Linearity: The independent and dependent variables have a linear relationship with one another. This implies that changes in the dependent variable follow those in the independent variable(s) in a linear fashion. This means that there should be a straight line that can be drawn through the data points. If the relationship is not linear, then linear regression will not be an accurate model.

Independence: The observations in the dataset are independent of each other. This means that the value of the dependent variable for one observation does not depend on the value of the dependent variable for another observation. If the observations are not independent, then linear regression will not be an accurate model.
Homoscedasticity: Across all levels of the independent variable(s), the variance of the errors is constant. This indicates that the amount of the independent variable(s) has no impact on the variance of the errors. If the variance of the residuals is not constant, then linear regression will not be an accurate model.

Normality: The residuals should be normally distributed. This means that the residuals should follow a bell-shaped curve. If the residuals are not normally distributed, then linear regression will not be an accurate model.","The assumptions of simple linear regression include linearity between independent and dependent variables, independence of observations, homoscedasticity (constant variance of errors across all levels of independent variables), and normality of residuals distribution for accurate and dependable predictions."
"Assumptions of Multiple Linear Regression
For Multiple Linear Regression, all four of the assumptions from Simple Linear Regression apply. In addition to this, below are few more:


No multicollinearity: There is no high correlation between the independent variables. This indicates that there is little or no correlation between the independent variables. Multicollinearity occurs when two or more independent variables are highly correlated with each other, which can make it difficult to determine the individual effect of each variable on the dependent variable. If there is multicollinearity, then multiple linear regression will not be an accurate model.
Additivity: The model assumes that the effect of changes in a predictor variable on the response variable is consistent regardless of the values of the other variables. This assumption implies that there is no interaction between variables in their effects on the dependent variable.
Feature Selection: In multiple linear regression, it is essential to carefully select the independent variables that will be included in the model. Including irrelevant or redundant variables may lead to overfitting and complicate the interpretation of the model.
Overfitting: Overfitting occurs when the model fits the training data too closely, capturing noise or random fluctuations that do not represent the true underlying relationship between variables. This can lead to poor generalization performance on new, unseen data.
","For Multiple Linear Regression, in addition to the assumptions of Simple Linear Regression, it's crucial to ensure no multicollinearity between independent variables, maintain additivity implying consistent effects regardless of other variables, carefully select relevant features to avoid overfitting, and prevent high correlation between predictors to maintain model accuracy and interpretation clarity."
"Linear Regression Line
The linear regression line provides valuable insights into the relationship between the two variables. It represents the best-fitting line that captures the overall trend of how a dependent variable (Y) changes in response to variations in an independent variable (X).

Positive Linear Regression Line: A positive linear regression line indicates a direct relationship between the independent variable (X) and the dependent variable (Y). This means that as the value of X increases, the value of Y also increases. The slope of a positive linear regression line is positive, meaning that the line slants upward from left to right.
Negative Linear Regression Line: A negative linear regression line indicates an inverse relationship between the independent variable (X) and the dependent variable (Y). This means that as the value of X increases, the value of Y decreases. The slope of a negative linear regression line is negative, meaning that the line slants downward from left to right.","The linear regression line depicts the relationship between two variables, with a positive slope indicating a direct relationship where increasing X leads to increasing Y, while a negative slope indicates an inverse relationship where increasing X leads to decreasing Y."
"Advantages of Linear Regression
Linear regression is a relatively simple algorithm, making it easy to understand and implement. The coefficients of the linear regression model can be interpreted as the change in the dependent variable for a one-unit change in the independent variable, providing insights into the relationships between variables.
Linear regression is computationally efficient and can handle large datasets effectively. It can be trained quickly on large datasets, making it suitable for real-time applications.
Linear regression is relatively robust to outliers compared to other machine learning algorithms. Outliers may have a smaller impact on the overall model performance.
Linear regression often serves as a good baseline model for comparison with more complex machine learning algorithms.
Linear regression is a well-established algorithm with a rich history and is widely available in various machine learning libraries and software packages.","The advantages of linear regression include its simplicity, interpretability of coefficients, computational efficiency with large datasets, robustness to outliers, usefulness as a baseline model, and wide availability in machine learning libraries and software packages."
"Disadvantages of Linear Regression
Linear regression assumes a linear relationship between the dependent and independent variables. If the relationship is not linear, the model may not perform well.
Linear regression is sensitive to multicollinearity, which occurs when there is a high correlation between independent variables. Multicollinearity can inflate the variance of the coefficients and lead to unstable model predictions.
Linear regression assumes that the features are already in a suitable form for the model. Feature engineering may be required to transform features into a format that can be effectively used by the model.
Linear regression is susceptible to both overfitting and underfitting. Overfitting occurs when the model learns the training data too well and fails to generalize to unseen data. Underfitting occurs when the model is too simple to capture the underlying relationships in the data.
Linear regression provides limited explanatory power for complex relationships between variables. More advanced machine learning techniques may be necessary for deeper insights.
ChatGPT","The disadvantages of linear regression include its assumption of a linear relationship between variables, sensitivity to multicollinearity leading to unstable predictions, requirement for feature engineering, susceptibility to both overfitting and underfitting, and limited explanatory power for complex relationships, necessitating the use of more advanced techniques for deeper insights."
"What is Logistic Regression?
Logistic regression is used for binary classification where we use sigmoid function, that takes input as independent variables and produces a probability value between 0 and 1.

For example, we have two classes Class 0 and Class 1 if the value of the logistic function for an input is greater than 0.5 (threshold value) then it belongs to Class 1 it belongs to Class 0. It’s referred to as regression because it is the extension of linear regression but is mainly used for classification problems.

Key Points:
Logistic regression predicts the output of a categorical dependent variable. Therefore, the outcome must be a categorical or discrete value.
It can be either Yes or No, 0 or 1, true or False, etc. but instead of giving the exact value as 0 and 1, it gives the probabilistic values which lie between 0 and 1.
In Logistic regression, instead of fitting a regression line, we fit an “S” shaped logistic function, which predicts two maximum values (0 or 1).
","Logistic regression is a classification algorithm used for binary classification tasks, employing a sigmoid function to produce probability values between 0 and 1, determining class membership based on a threshold (usually 0.5), and is an extension of linear regression with an ""S""-shaped logistic function to predict categorical outcomes."
"User
Logistic Function – Sigmoid Function
The sigmoid function is a mathematical function used to map the predicted values to probabilities.
It maps any real value into another value within a range of 0 and 1. The value of the logistic regression must be between 0 and 1, which cannot go beyond this limit, so it forms a curve like the “S” form.
The S-form curve is called the Sigmoid function or the logistic function.
In logistic regression, we use the concept of the threshold value, which defines the probability of either 0 or 1. Such as values above the threshold value tends to 1, and a value below the threshold values tends to 0.
Types of Logistic Regression
On the basis of the categories, Logistic Regression can be classified into three types:

Binomial: In binomial Logistic regression, there can be only two possible types of the dependent variables, such as 0 or 1, Pass or Fail, etc.
Multinomial: In multinomial Logistic regression, there can be 3 or more possible unordered types of the dependent variable, such as “cat”, “dogs”, or “sheep”
Ordinal: In ordinal Logistic regression, there can be 3 or more possible ordered types of dependent variables, such as “low”, “Medium”, or “High","The sigmoid function, also known as the logistic function, maps real values to probabilities between 0 and 1, forming an ""S""-shaped curve, and is utilized in logistic regression to determine class probabilities. Logistic regression can be categorized into three types: binomial for two possible outcomes, multinomial for three or more unordered outcomes, and ordinal for three or more ordered outcomes."
"Assumptions of Logistic Regression
We will explore the assumptions of logistic regression as understanding these assumptions is important to ensure that we are using appropriate application of the model. The assumption include:

Independent observations: Each observation is independent of the other. meaning there is no correlation between any input variables.
Binary dependent variables: It takes the assumption that the dependent variable must be binary or dichotomous, meaning it can take only two values. For more than two categories SoftMax functions are used.
Linearity relationship between independent variables and log odds: The relationship between the independent variables and the log odds of the dependent variable should be linear.
No outliers: There should be no outliers in the dataset.
Large sample size: The sample size is sufficiently large","The assumptions of logistic regression include independent observations with no correlation between input variables, a binary dependent variable, a linear relationship between independent variables and log odds, absence of outliers, and a sufficiently large sample size."
"Terminologies involved in Logistic Regression
Here are some common terms involved in logistic regression:

Independent variables: The input characteristics or predictor factors applied to the dependent variable’s predictions.
Dependent variable: The target variable in a logistic regression model, which we are trying to predict.
Logistic function: The formula used to represent how the independent and dependent variables relate to one another. The logistic function transforms the input variables into a probability value between 0 and 1, which represents the likelihood of the dependent variable being 1 or 0.
Odds: It is the ratio of something occurring to something not occurring. it is different from probability as the probability is the ratio of something occurring to everything that could possibly occur.
Log-odds: The log-odds, also known as the logit function, is the natural logarithm of the odds. In logistic regression, the log odds of the dependent variable are modeled as a linear combination of the independent variables and the intercept.
Coefficient: The logistic regression model’s estimated parameters, show how the independent and dependent variables relate to one another.
Intercept: A constant term in the logistic regression model, which represents the log odds when all independent variables are equal to zero.
Maximum likelihood estimation: The method used to estimate the coefficients of the logistic regression model, which maximizes the likelihood of observing the data given the model.","Logistic regression involves independent variables influencing the probability of a binary dependent variable, modeled through a logistic function to estimate log-odds represented by coefficients and an intercept, with parameters estimated via maximum likelihood estimation."
"User
A Naive Bayes classifiers, a family of algorithms based on Bayes’ Theorem. Despite the “naive” assumption of feature independence, these classifiers are widely utilized for their simplicity and efficiency in machine learning. The article delves into theory, implementation, and applications, shedding light on their practical utility despite oversimplified assumptions.

What is Naive Bayes Classifiers?
Naive Bayes classifiers are a collection of classification algorithms based on Bayes’ Theorem. It is not a single algorithm but a family of algorithms where all of them share a common principle, i.e. every pair of features being classified is independent of each other. To start with, let us consider a dataset.

One of the most simple and effective classification algorithms, the Naïve Bayes classifier aids in the rapid development of machine learning models with rapid prediction capabilities.

Naïve Bayes algorithm is used for classification problems. It is highly used in text classification. In text classification tasks, data contains high dimension (as each word represent one feature in the data). It is used in spam filtering, sentiment detection, rating classification etc. The advantage of using naïve Bayes is its speed. It is fast and making prediction is easy with high dimension of data.","Naive Bayes classifiers, based on Bayes' Theorem, are a family of classification algorithms renowned for their simplicity and efficiency despite assuming feature independence, extensively employed in text classification tasks like spam filtering and sentiment detection due to their rapid prediction capabilities in high-dimensional data."
"Why it is Called Naive Bayes?
The “Naive” part of the name indicates the simplifying assumption made by the Naïve Bayes classifier. The classifier assumes that the features used to describe an observation are conditionally independent, given the class label. The “Bayes” part of the name refers to Reverend Thomas Bayes, an 18th-century statistician and theologian who formulated Bayes’ theorem.

Consider a fictional dataset that describes the weather conditions for playing a game of golf. Given the weather conditions, each tuple classifies the conditions as fit(“Yes”) or unfit(“No”) for playing golf.Here is a tabular representation of our dataset.

Feature matrix contains all the vectors(rows) of dataset in which each vector consists of the value of dependent features. In above dataset, features are ‘Outlook’, ‘Temperature’, ‘Humidity’ and ‘Windy’.
Response vector contains the value of class variable(prediction or output) for each row of feature matrix. In above dataset, the class variable name is ‘Play golf’.","Naive Bayes classifiers derive their name from the ""naive"" assumption of feature independence, given the class label, and Bayes' theorem, with applications in classification tasks such as predicting the suitability for playing golf based on weather conditions."
"Assumption of Naive Bayes
The fundamental Naive Bayes assumption is that each feature makes an:

Feature independence: The features of the data are conditionally independent of each other, given the class label.
Continuous features are normally distributed: If a feature is continuous, then it is assumed to be normally distributed within each class.
Discrete features have multinomial distributions: If a feature is discrete, then it is assumed to have a multinomial distribution within each class.
Features are equally important: All features are assumed to contribute equally to the prediction of the class label.
No missing data: The data should not contain any missing values.","The assumptions of Naive Bayes classifiers include feature independence given the class label, normally distributed continuous features, multinomial distributed discrete features, equal importance of features, and absence of missing data."
"Types of Naive Bayes Model
There are three types of Naive Bayes Model:

Gaussian Naive Bayes classifier
In Gaussian Naive Bayes, continuous values associated with each feature are assumed to be distributed according to a Gaussian distribution. A Gaussian distribution is also called Normal distribution When plotted, it gives a bell shaped curve which is symmetric about the mean of the feature values as shown below:

Multinomial Naive Bayes
Feature vectors represent the frequencies with which certain events have been generated by a multinomial distribution. This is the event model typically used for document classification.

Bernoulli Naive Bayes
In the multivariate Bernoulli event model, features are independent booleans (binary variables) describing inputs. Like the multinomial model, this model is popular for document classification tasks, where binary term occurrence(i.e. a word occurs in a document or not) features are used rather than term frequencies(i.e. frequency of a word in the document).","Naive Bayes models encompass Gaussian Naive Bayes for continuous feature distributions, Multinomial Naive Bayes for frequency-based event modeling in document classification, and Bernoulli Naive Bayes for binary feature representations, commonly utilized in document classification tasks."
"Decision Tree

A decision tree is one of the most powerful tools of supervised learning algorithms used for both classification and regression tasks. It builds a flowchart-like tree structure where each internal node denotes a test on an attribute, each branch represents an outcome of the test, and each leaf node (terminal node) holds a class label. It is constructed by recursively splitting the training data into subsets based on the values of the attributes until a stopping criterion is met, such as the maximum depth of the tree or the minimum number of samples required to split a node.

During training, the Decision Tree algorithm selects the best attribute to split the data based on a metric such as entropy or Gini impurity, which measures the level of impurity or randomness in the subsets. The goal is to find the attribute that maximizes the information gain or the reduction in impurity after the split.

What is a Decision Tree?
A decision tree is a flowchart-like tree structure where each internal node denotes the feature, branches denote the rules and the leaf nodes denote the result of the algorithm. It is a versatile supervised machine-learning algorithm, which is used for both classification and regression problems. It is one of the very powerful algorithms. And it is also used in Random Forest to train on different subsets of training data, which makes random forest one of the most powerful algorithms in machine learning.","A decision tree is a versatile supervised learning algorithm used for classification and regression tasks, constructing a flowchart-like tree structure where each internal node represents a feature, branches denote decision rules, and leaf nodes hold class labels or regression values, selected based on metrics like entropy or Gini impurity to recursively split data subsets until meeting stopping criteria."
"Decision Tree Terminologies
Some of the common Terminologies used in Decision Trees are as follows:
Root Node: It is the topmost node in the tree,  which represents the complete dataset. It is the starting point of the decision-making process.
Decision/Internal Node: A node that symbolizes a choice regarding an input feature. Branching off of internal nodes connects them to leaf nodes or other internal nodes.
Leaf/Terminal Node: A node without any child nodes that indicates a class label or a numerical value.
Splitting: The process of splitting a node into two or more sub-nodes using a split criterion and a selected feature.
Branch/Sub-Tree: A subsection of the decision tree starts at an internal node and ends at the leaf nodes.
Parent Node: The node that divides into one or more child nodes.
Child Node: The nodes that emerge when a parent node is split.
Impurity: A measurement of the target variable’s homogeneity in a subset of data. It refers to the degree of randomness or uncertainty in a set of examples. The Gini index and entropy are two commonly used impurity measurements in decision trees for classifications task 
Variance: Variance measures how much the predicted and the target variables vary in different samples of a dataset. It is used for regression problems in decision trees. Mean squared error, Mean Absolute Error, friedman_mse, or Half Poisson deviance are used to measure the variance for the regression tasks in the decision tree.
Information Gain: Information gain is a measure of the reduction in impurity achieved by splitting a dataset on a particular feature in a decision tree. The splitting criterion is determined by the feature that offers the greatest information gain, It is used to determine the most informative feature to split on at each node of the tree, with the goal of creating pure subsets
Pruning: The process of removing branches from the tree that do not provide any additional information or lead to overfitting.","Decision tree terminologies include root node, decision/internal node, leaf/terminal node, splitting, branch/sub-tree, parent node, child node, impurity (measured by Gini index or entropy for classifications and variance for regressions), information gain (used for feature selection), and pruning (removing branches to prevent overfitting), facilitating the hierarchical representation and decision-making process in the algorithm."
"Attribute Selection Measures:
Construction of Decision Tree: A tree can be “learned” by splitting the source set into subsets based on Attribute Selection Measures. Attribute selection measure (ASM) is a criterion used in decision tree algorithms to evaluate the usefulness of different attributes for splitting a dataset. The goal of ASM is to identify the attribute that will create the most homogeneous subsets of data after the split, thereby maximizing the information gain. This process is repeated on each derived subset in a recursive manner called recursive partitioning. The recursion is completed when the subset at a node all has the same value of the target variable, or when splitting no longer adds value to the predictions. The construction of a decision tree classifier does not require any domain knowledge or parameter setting and therefore is appropriate for exploratory knowledge discovery. Decision trees can handle high-dimensional data.

Entropy:
Entropy is the measure of the degree of randomness or uncertainty in the dataset. In the case of classifications, It measures the randomness based on the distribution of class labels in the dataset.","Attribute Selection Measures (ASM) play a crucial role in constructing decision trees by evaluating the usefulness of attributes for dataset splitting, aiming to maximize information gain and create homogeneous subsets; one such measure is entropy, quantifying the randomness or uncertainty in the dataset based on the distribution of class labels in classifications."
"Important points related to Entropy:

The entropy is 0 when the dataset is completely homogeneous, meaning that each instance belongs to the same class. It is the lowest entropy indicating no uncertainty in the dataset sample.
when the dataset is equally divided between multiple classes, the entropy is at its maximum value. Therefore, entropy is highest when the distribution of class labels is even, indicating maximum uncertainty in the dataset sample.
Entropy is used to evaluate the quality of a split. The goal of entropy is to select the attribute that minimizes the entropy of the resulting subsets, by splitting the dataset into more homogeneous subsets with respect to the class labels.
The highest information gain attribute is chosen as the splitting criterion (i.e., the reduction in entropy after splitting on that attribute), and the process is repeated recursively to build the decision tree.
Gini Impurity or index:
Gini Impurity is a score that evaluates how accurate a split is among the classified groups. The Gini Impurity evaluates a score in the range between 0 and 1, where 0 is when all observations belong to one class, and 1 is a random distribution of the elements within classes. In this case, we want to have a Gini index score as low as possible. Gini Index is the evaluation metric we shall use to evaluate our Decision Tree Model.","Entropy measures the uncertainty or randomness in a dataset, with lower values indicating higher homogeneity, used in decision tree algorithms to select attributes that minimize entropy and maximize information gain, while Gini impurity evaluates the accuracy of splits, aiming for lower scores indicative of better classification."
"How does the Decision Tree algorithm Work?
The decision tree operates by analyzing the data set to predict its classification. It commences from the tree’s root node, where the algorithm views the value of the root attribute compared to the attribute of the record in the actual data set. Based on the comparison, it proceeds to follow the branch and move to the next node. 

The algorithm repeats this action for every subsequent node by comparing its attribute values with those of the sub-nodes and continuing the process further. It repeats until it reaches the leaf node of the tree. The complete mechanism can be better explained through the algorithm given below.

Step-1: Begin the tree with the root node, says S, which contains the complete dataset.
Step-2: Find the best attribute in the dataset using Attribute Selection Measure (ASM).
Step-3: Divide the S into subsets that contains possible values for the best attributes.
Step-4: Generate the decision tree node, which contains the best attribute.
Step-5: Recursively make new decision trees using the subsets of the dataset created in step -3. Continue this process until a stage is reached where you cannot further classify the nodes and called the final node as a leaf nodeClassification and Regression Tree algorithm.","The Decision Tree algorithm recursively partitions the dataset by selecting the best attribute at each node based on an Attribute Selection Measure, ultimately leading to the creation of a hierarchical tree structure where leaf nodes represent the final classification or regression outcomes."
"What are appropriate problems for Decision tree learning?

Although a variety of decision tree learning methods have been developed with somewhat differing capabilities and requirements, decision tree learning is generally best suited to problems with the following characteristics:

1. Instances are represented by attribute-value pairs:

In the world of decision tree learning, we commonly use attribute-value pairs to represent instances. An instance is defined by a predetermined group of attributes, such as temperature, and its corresponding value, such as hot. Ideally, we want each attribute to have a finite set of distinct values, like hot, mild, or cold. This makes it easy to construct decision trees. However, more advanced versions of the algorithm can accommodate attributes with continuous numerical values, such as representing temperature with a numerical scale.

2. The target function has discrete output values:

The marked objective has distinct outcomes. The decision tree method is ordinarily employed for categorizing Boolean examples, such as yes or no. Decision tree approaches can be readily expanded for acquiring functions with beyond dual conceivable outcome values. A more substantial expansion lets us gain knowledge about aimed objectives with numeric outputs, although the practice of decision trees in this framework is comparatively rare.

3. Disjunctive descriptions may be required:

Decision trees naturally represent disjunctive expressions.

4.The training data may contain errors:

“Techniques of decision tree learning demonstrate high resilience towards discrepancies, including inconsistencies in categorization of sample cases and discrepancies in the feature details that characterize these cases.”


5. The training data may contain missing attribute values:

In certain cases, the input information designed for training might have absent characteristics. Employing decision tree approaches can still be possible despite experiencing unknown features in some training samples. For instance, when considering the level of humidity throughout the day, this information may only be accessible for a specific set of training specimens.","Decision tree learning is well-suited for problems characterized by attribute-value pairs representing instances, discrete output values for the target function, potential need for disjunctive descriptions, tolerance towards training data errors and missing attribute values, making it versatile for a wide range of classification tasks."
"Random Forest Regression is a versatile machine-learning technique for predicting numerical values. It combines the predictions of multiple decision trees to reduce overfitting and improve accuracy. Python’s machine-learning libraries make it easy to implement and optimize this approach.

Ensemble Learning
Ensemble learning is a machine learning technique that combines the predictions from multiple models to create a more accurate and stable prediction. It is an approach that leverages the collective intelligence of multiple models to improve the overall performance of the learning system.

Types of Ensemble Methods
There are various types of ensemble learning methods, including:

Bagging (Bootstrap Aggregating): This method involves training multiple models on random subsets of the training data. The predictions from the individual models are then combined, typically by averaging.
Boosting: This method involves training a sequence of models, where each subsequent model focuses on the errors made by the previous model. The predictions are combined using a weighted voting scheme.
Stacking: This method involves using the predictions from one set of models as input features for another model. The final prediction is made by the second-level model.","Random Forest Regression is a powerful machine learning technique that employs ensemble learning, particularly bagging, to enhance prediction accuracy by aggregating the outputs of multiple decision trees, offering versatility and ease of implementation with Python's libraries."
"What is Random Forest Regression?
Random Forest Regression in machine learning is an ensemble technique capable of performing both regression and classification tasks with the use of multiple decision trees and a technique called Bootstrap and Aggregation, commonly known as bagging. The basic idea behind this is to combine multiple decision trees in determining the final output rather than relying on individual decision trees. 

Random Forest has multiple decision trees as base learning models. We randomly perform row sampling and feature sampling from the dataset forming sample datasets for every model. This part is called Bootstrap.

We need to approach the Random Forest regression technique like any other machine learning technique.

Design a specific question or data and get the source to determine the required data.
Make sure the data is in an accessible format else convert it to the required format.
Specify all noticeable anomalies and missing data points that may be required to achieve the required data.
Create a machine-learning model.
Set the baseline model that you want to achieve
Train the data machine learning model.
Provide an insight into the model with test data
Now compare the performance metrics of both the test data and the predicted data from the model.
If it doesn’t satisfy your expectations, you can try improving your model accordingly or dating your data, or using another data modeling technique.
At this stage, you interpret the data you have gained and report accordingly.","Random Forest Regression is an ensemble learning technique that utilizes multiple decision trees trained on bootstrapped samples of the data, aggregating their predictions to achieve robust regression performance, following a standard machine learning workflow of data preparation, model training, evaluation, and iteration for optimization."
"The essence of Natural Language Processing lies in making computers understand the natural language. That’s not an easy task though. Computers can understand the structured form of data like spreadsheets and the tables in the database, but human languages, texts, and voices form an unstructured category of data, and it gets difficult for the computer to understand it, and there arises the need for Natural Language Processing. There’s a lot of natural language data out there in various forms and it would get very easy if computers can understand and process that data. We can train the models in accordance with expected output in different ways. Humans have been writing for thousands of years, there are a lot of literature pieces available, and it would be great if we make computers understand that. But the task is never going to be easy. There are various challenges floating out there like understanding the correct meaning of the sentence, correct Named-Entity Recognition(NER), correct prediction of various parts of speech, coreference resolution(the most challenging thing in my opinion). Computers can’t truly understand the human language. If we feed enough data and train a model properly, it can distinguish and try categorizing various parts of speech(noun, verb, adjective, supporter, etc…) based on previously fed data and experiences. If it encounters a new word it tried making the nearest guess which can be embarrassingly wrong few times. It’s very difficult for a computer to extract the exact meaning from a sentence. For example – The boy radiated fire like vibes. The boy had a very motivating personality or he actually radiated fire? As you see over here, parsing English with a computer is going to be complicated. There are various stages involved in training a model. Solving a complex problem in Machine Learning means building a pipeline. In simple terms, it means breaking a complex problem into a number of small problems, making models for each of them and then integrating these models. A similar thing is done in NLP. We can break down the process of understanding English for a model into a number of small pieces. It would be really great if a computer could understand that San Pedro is an island in Belize district in Central America with a population of 16, 444 and it is the second largest town in Belize. But to make the computer understand this, we need to teach computer very basic concepts of written language. So let’s start by creating an NLP pipeline. It has various steps which will give us the desired output(maybe not in a few rare cases) at the end.","The essence of Natural Language Processing lies in enabling computers to comprehend and process unstructured human language data, presenting challenges such as correct understanding of sentence meaning, Named-Entity Recognition, parts of speech prediction, and coreference resolution, necessitating the construction of complex NLP pipelines to break down the understanding process into manageable components."
"Natural Language Processing (NLP) is a field of Artificial Intelligence (AI) that deals with the interaction between computers and human languages. NLP is used to analyze, understand, and generate natural language text and speech. The goal of NLP is to enable computers to understand and interpret human language in a way that is similar to how humans process language.

Natural Language Processing (NLP) is a field of computer science and artificial intelligence that focuses on the interaction between computers and humans using natural language. It involves analyzing, understanding, and generating human language data, such as text and speech.
NLP has a wide range of applications, including sentiment analysis, machine translation, text summarization, chatbots, and more. Some common tasks in NLP include:
Text Classification: Classifying text into different categories based on their content, such as spam filtering, sentiment analysis, and topic modeling.
Named Entity Recognition (NER): Identifying and categorizing named entities in text, such as people, organizations, and locations.
Part-of-Speech (POS) Tagging: Assigning a part of speech to each word in a sentence, such as noun, verb, adjective, and adverb.
Sentiment Analysis: Analyzing the sentiment of a piece of text, such as positive, negative, or neutral.
Machine Translation: Translating text from one language to another.
NLP involves the use of several techniques, such as machine learning, deep learning, and rule-based systems. Some popular tools and libraries used in NLP include NLTK (Natural Language Toolkit), spaCy, and Gensim.
Overall, NLP is a rapidly growing field with many practical applications, and it has the potential to revolutionize the way we interact with computers and machines using natural language.","Natural Language Processing (NLP) is a branch of artificial intelligence focused on enabling computers to analyze, understand, and generate human language text and speech, facilitating various applications such as sentiment analysis, machine translation, and text classification."
"NLP techniques are used in a wide range of applications, including:
Speech recognition and transcription: NLP techniques are used to convert speech to text, which is useful for tasks such as dictation and voice-controlled assistants.
Language translation: NLP techniques are used to translate text from one language to another, which is useful for tasks such as global communication and e-commerce.
Text summarization: NLP techniques are used to summarize long text documents into shorter versions, which is useful for tasks such as news summarization and document indexing.
Sentiment analysis: NLP techniques are used to determine the sentiment or emotion expressed in text, which is useful for tasks such as customer feedback analysis and social media monitoring.
Question answering: NLP techniques are used to answer questions asked in natural language, which is useful for tasks such as chatbots and virtual assistants.
NLP is a rapidly growing field and it is being used in many industries such as healthcare, education, e-commerce, and customer service. NLP is also used to improve the performance of natural language-based systems like chatbot, virtual assistants, recommendation systems, and more. With the advancement in NLP, it has become possible for computers to understand and process human languages in a way that can be used for various applications such as speech recognition, language translation, question answering, and more.","NLP techniques are widely utilized across various industries, enabling applications such as speech recognition, language translation, text summarization, sentiment analysis, and question answering, with advancements continuously enhancing the capabilities of natural language processing systems."
"Advantages of Natural Language Processing:

Improves human-computer interaction: NLP enables computers to understand and respond to human languages, which improves the overall user experience and makes it easier for people to interact with computers.
Automates repetitive tasks: NLP techniques can be used to automate repetitive tasks, such as text summarization, sentiment analysis, and language translation, which can save time and increase efficiency.
Enables new applications: NLP enables the development of new applications, such as virtual assistants, chatbots, and question answering systems, that can improve customer service, provide information, and more.
Improves decision-making: NLP techniques can be used to extract insights from large amounts of unstructured data, such as social media posts and customer feedback, which can improve decision-making in various industries.
Improves accessibility: NLP can be used to make technology more accessible, such as by providing text-to-speech and speech-to-text capabilities for people with disabilities.
Facilitates multilingual communication: NLP techniques can be used to translate and analyze text in different languages, which can facilitate communication between people who speak different languages.
Improves information retrieval: NLP can be used to extract information from large amounts of data, such as search engine results, to improve information retrieval and provide more relevant results.
Enables sentiment analysis: NLP techniques can be used to analyze the sentiment of text, such as social media posts and customer reviews, which can help businesses understand how customers feel about their products and services.
Improves content creation: NLP can be used to generate content, such as automated article writing, which can save time and resources for businesses and content creators.
Supports data analytics: NLP can be used to extract insights from text data, which can support data analytics and improve decision-making in various industries.
Enhances natural language understanding: NLP research and development can lead to improved natural language understanding, which can benefit various industries and applications.","Natural Language Processing (NLP) offers numerous advantages including improved human-computer interaction, task automation, facilitation of new applications, enhanced decision-making, accessibility improvements, multilingual communication support, information retrieval enhancement, sentiment analysis capabilities, content creation assistance, data analytics support, and continuous advancements in natural language understanding."
"Disadvantages of Natural Language Processing:

Limited understanding of context: NLP systems have a limited understanding of context, which can lead to misinterpretations or errors in the output.
Requires large amounts of data: NLP systems require large amounts of data to train and improve their performance, which can be expensive and time-consuming to collect.
Limited ability to understand idioms and sarcasm: NLP systems have a limited ability to understand idioms, sarcasm, and other forms of figurative language, which can lead to misinterpretations or errors in the output.
Limited ability to understand emotions: NLP systems have a limited ability to understand emotions and tone of voice, which can lead to misinterpretations or errors in the output.
Difficulty with multi-lingual processing: NLP systems may struggle to accurately process multiple languages, especially if they are vastly different in grammar or structure.
Dependency on language resources: NLP systems heavily rely on language resources, such as dictionaries and corpora, which may not always be available or accurate for certain languages or domains.
Difficulty with rare or ambiguous words: NLP systems may struggle to accurately process rare or ambiguous words, which can lead to errors in the output.
Lack of creativity: NLP systems are limited to processing and generating output based on patterns and rules, and may lack the creativity and spontaneity of human language use.
Ethical considerations: NLP systems may perpetuate biases and stereotypes, and there are ethical concerns around the use of NLP in areas such as surveillance and automated decision-making.","Natural Language Processing (NLP) faces challenges including limited contextual understanding, data dependency, difficulty with idioms and emotions, language diversity issues, reliance on resources, ambiguity handling, lack of creativity, and ethical concerns."
"Data Processing is the task of converting data from a given form to a much more usable and desired form i.e. making it more meaningful and informative. Using Machine Learning algorithms, mathematical modeling, and statistical knowledge, this entire process can be automated. The output of this complete process can be in any desired form like graphs, videos, charts, tables, images, and many more, depending on the task we are performing and the requirements of the machine. This might seem to be simple but when it comes to massive organizations like Twitter, Facebook, Administrative bodies like Parliament, UNESCO, and health sector organizations, this entire process needs to be performed in a very structured manner. So, the steps to perform are as follows: 

Data processing is a crucial step in the machine learning (ML) pipeline, as it prepares the data for use in building and training ML models. The goal of data processing is to clean, transform, and prepare the data in a format that is suitable for modeling.

The main steps involved in data processing typically include:

1.Data collection: This is the process of gathering data from various sources, such as sensors, databases, or other systems. The data may be structured or unstructured, and may come in various formats such as text, images, or audio.
2.Data preprocessing: This step involves cleaning, filtering, and transforming the data to make it suitable for further analysis. This may include removing missing values, scaling or normalizing the data, or converting it to a different format.

3.Data analysis: In this step, the data is analyzed using various techniques such as statistical analysis, machine learning algorithms, or data visualization. The goal of this step is to derive insights or knowledge from the data.

4.Data interpretation: This step involves interpreting the results of the data analysis and drawing conclusions based on the insights gained. It may also involve presenting the findings in a clear and concise manner, such as through reports, dashboards, or other visualizations.
5.Data storage and management: Once the data has been processed and analyzed, it must be stored and managed in a way that is secure and easily accessible. This may involve storing the data in a database, cloud storage, or other systems, and implementing backup and recovery strategies to protect against data loss.

6.Data visualization and reporting: Finally, the results of the data analysis are presented to stakeholders in a format that is easily understandable and actionable. This may involve creating visualizations, reports, or dashboards that highlight key findings and trends in the data.
summarise in one sentence","Data processing in the machine learning pipeline involves collecting, preprocessing, analyzing, interpreting, storing, visualizing, and reporting data to prepare it for building and training ML models."
"Advantages of data processing in Machine Learning:
Improved model performance: Data processing helps improve the performance of the ML model by cleaning and transforming the data into a format that is suitable for modeling.
Better representation of the data: Data processing allows the data to be transformed into a format that better represents the underlying relationships and patterns in the data, making it easier for the ML model to learn from the data.
Increased accuracy: Data processing helps ensure that the data is accurate, consistent, and free of errors, which can help improve the accuracy of the ML model.","Data processing in machine learning enhances model performance, representation of data, and accuracy by cleaning, transforming, and ensuring data consistency."
"Disadvantages of data processing in Machine Learning:
Time-consuming: Data processing can be a time-consuming task, especially for large and complex datasets.
Error-prone: Data processing can be error-prone, as it involves transforming and cleaning the data, which can result in the loss of important information or the introduction of new errors.
Limited understanding of the data: Data processing can lead to a limited understanding of the data, as the transformed data may not be representative of the underlying relationships and patterns in the data.","Data processing in machine learning can be time-consuming, error-prone, and may result in a limited understanding of the data due to the complexities involved in transforming and cleaning large datasets."
"Decision Tree is one of the most powerful and popular algorithms. Python Decision-tree algorithm falls under the category of supervised learning algorithms. It works for both continuous as well as categorical output variables. In this article, We are going to implement a Decision tree in Python algorithm on the Balance Scale Weight & Distance Database presented on the UCI.

Decision Tree
A Decision tree is a tree-like structure that represents a set of decisions and their possible consequences. Each node in the tree represents a decision, and each branch represents an outcome of that decision. The leaves of the tree represent the final decisions or predictions.

Decision trees are created by recursively partitioning the data into smaller and smaller subsets. At each partition, the data is split based on a specific feature, and the split is made in a way that maximizes the information gain.

In the above figure, decision tree is a flowchart-like tree structure that is used to make decisions. It consists of Root Node(WINDY), Internal nodes(OUTLOOK, TEMPERATURE), which represent tests on attributes, and leaf nodes, which represent the final decisions. The branches of the tree represent the possible outcomes of the tests.","A Decision Tree is a supervised learning algorithm that recursively partitions data into smaller subsets based on specific features to make predictions, represented by a tree-like structure consisting of root nodes, internal nodes, and leaf nodes."
"User
While implementing the decision tree in Python we will go through the following two phases:

Building Phase
Preprocess the dataset.
Split the dataset from train and test using Python sklearn package.
Train the classifier.
Operational Phase
Make predictions.
Calculate the accuracy.
Data Import
To import and manipulate the data we are using the pandas package provided in python.
Here, we are using a URL which is directly fetching the dataset from the UCI site no need to download the dataset. When you try to run this code on your system make sure the system should have an active Internet connection.
As the dataset is separated by “,” so we have to pass the sep parameter’s value as “,”.
Another thing is notice is that the dataset doesn’t contain the header so we will pass the Header parameter’s value as none. If we will not pass the header parameter then it will consider the first line of the dataset as the header.
Data Slicing
Before training the model we have to split the dataset into the training and testing dataset.
To split the dataset for training and testing we are using the sklearn module train_test_split
First of all we have to separate the target variable from the attributes in the dataset.","In the implementation of the decision tree in Python, two main phases involve building the model by preprocessing the dataset, splitting it into training and testing sets, and training the classifier, followed by the operational phase of making predictions, calculating accuracy, and utilizing the pandas package for data import and manipulation, as well as the sklearn module for data slicing and splitting."
"Gradient Boosting is a popular boosting algorithm in machine learning used for classification and regression tasks. Boosting is one kind of ensemble Learning method which trains the model sequentially and each new model tries to correct the previous model. It combines several weak learners into strong learners. There is two most popular boosting algorithm i.e

AdaBoost
Gradient Boosting
Gradient Boosting
Gradient Boosting is a powerful boosting algorithm that combines several weak learners into strong learners, in which each new model is trained to minimize the loss function such as mean squared error or cross-entropy of the previous model using gradient descent. In each iteration, the algorithm computes the gradient of the loss function with respect to the predictions of the current ensemble and then trains a new weak model to minimize this gradient. The predictions of the new model are then added to the ensemble, and the process is repeated until a stopping criterion is met.

In contrast to AdaBoost, the weights of the training instances are not tweaked, instead, each predictor is trained using the residual errors of the predecessor as labels. There is a technique called the Gradient Boosted Trees whose base learner is CART (Classification and Regression Trees). The below diagram explains how gradient-boosted trees are trained for regression problems.","Gradient Boosting is a powerful ensemble learning algorithm that sequentially trains weak models to minimize the loss function of the previous model using gradient descent, resulting in a strong learner combining the predictions of multiple weak models."
"Catboost is a variant of gradient boosting that can handle both categorical and numerical features. It does not require any feature encodings techniques like One-Hot Encoder or Label Encoder to convert categorical features into numerical features. It also uses an algorithm called symmetric weighted quantile sketch(SWQS) which automatically handles the missing values in the dataset to reduce overfitting and improve the overall performance of the dataset. 

Features of CatBoost 
Built-in Method for handling categorical features: CatBoost efficiently handles categorical features without requiring preprocessing. This capability eliminates the need to convert non-numeric factors into numerical values, simplifying the data preparation process.
Excellent result without parameter tuning: CatBoost aims to provide excellent results without the need for extensive parameter tuning. This feature saves time and effort for users, as they can achieve competitive performance with default parameters.
Built-in methods for Handling missing values: Unlike other Models, CatBoost can handle missing values in the input data without requiring imputation.
Automatic feature scaling: CatBoost internal scales all the columns to the same scaling whereas in other models we need to convert columns extensively.
Robust to Overfitting: CatBoost implements a variety of techniques to prevent overfitting, such as robust tree boosting, ordered boosting, and the use of random permutations for feature combinations. These techniques help in building models that generalize well to unseen data.
Built-in cross-validation – CatBoost internally applies a cross-validation method to choose the best hyperparameters for the model.
Fast and scalable GPU version: CatBoost offers a GPU-accelerated version of its algorithm, allowing users to train models quickly on large datasets. The GPU implementation enhances scalability and performance, especially when dealing with multi-card configurations.","CatBoost is a gradient boosting variant that efficiently handles categorical features, missing values, and feature scaling, while also providing robustness to overfitting and offering built-in cross-validation and GPU acceleration for fast training on large datasets."
"What is LightGBM?
LightGBM is an open-source, distributed, high-performance gradient boosting framework developed by Microsoft. It is designed for efficiency, scalability, and accuracy. It is based on decision trees designed to improve model efficiency and reduce memory usage. It incorporates several novel techniques, including Gradient-based One-Side Sampling (GOSS), which selectively retains instances with large gradients during training to optimize memory usage and training time. Additionally, LightGBM employs histogram-based algorithms for efficient tree construction. These techniques, along with optimizations like leaf-wise tree growth and efficient data storage formats, contribute to LightGBM’s efficiency and give it a competitive edge over other gradient boosting frameworks.","LightGBM is an open-source, high-performance gradient boosting framework developed by Microsoft, designed for efficiency, scalability, and accuracy, incorporating novel techniques like Gradient-based One-Side Sampling (GOSS) and histogram-based algorithms for efficient tree construction."
"LightGBM Core Parameters
LightGBM Core Parameters are fundamental settings that govern the behavior and performance of LightGBM models during training. These parameters control various aspects of the model, including its structure, optimization process, and objective function. Core parameters are essential for fine-tuning the model’s performance and behavior to suit specific machine learning tasks. Examples of core parameters include learning rate, number of leaves, maximum depth, regularization terms, and optimization strategies. Understanding and tuning these parameters are crucial for achieving optimal model performance with LightGBM.
objective: Specifies the loss function to optimize during training. LightGBM supports various objectives such as regression, binary classification, and multiclass classification.
task : It specifies the task we wish to perform which is either train or prediction. The default entry is train. Another possible value for this parameter is prediction.
num_leaves: Specifies the maximum number of leaves in each tree. Higher values allow the model to capture more complex patterns but may lead to overfitting.
learning_rate: Determines the step size at each iteration during gradient descent. Lower values result in slower learning but may improve generalization.
max_depth: Sets the maximum depth of each tree. Higher values allow the model to capture more intricate interactions but may lead to overfitting.
min_data_in_leaf: Specifies the minimum number of data points required to form a leaf node. Higher values help prevent overfitting but may result in underfitting.
num_iterations : It specifies the number of iterations to be performed. The default value is 100.
feature_fraction: Controls the fraction of features to consider when building each tree. Randomly selecting a subset of features helps improve model diversity and reduce overfitting.
bagging_fraction: Specifies the fraction of data to be used for bagging (sampling data points with replacement) during training. It helps improve model robustness and reduce variance.
lambda_l1 and lambda_l2: Regularization parameters that control L1 and L2 regularization, respectively. They penalize large coefficients to prevent overfitting.
min_split_gain: Specifies the minimum gain required to split a node further. It helps control the tree’s growth and prevents unnecessary splits.
categorical_feature : It specifies the categorical feature used for training model.","LightGBM Core Parameters are essential settings that govern the behavior and performance of LightGBM models during training, including parameters such as learning rate, number of leaves, maximum depth, regularization terms, and optimization strategies, crucial for achieving optimal model performance."
"Time series data is a sequence of data points recorded or collected at regular time intervals. It is a type of data that tracks the evolution of a variable over time, such as sales, stock prices, temperature, etc. The regular time intervals can be daily, weekly, monthly, quarterly, or annually, and the data is often represented as a line graph or time-series plot. Time series data is commonly used in fields such as economics, finance, weather forecasting, and operations management, among others, to analyze trends, and patterns, and to make predictions or forecasts.

Components of Time Series Data
The components of time series data are the underlying patterns or structures that make up the data. There are several common components in time series data. In time series data, there are several types of patterns that can occur:

Trend: A long-term upward or downward movement in the data, indicating a general increase or decrease over time.
Seasonality: A repeating pattern in the data that occurs at regular intervals, such as daily, weekly, monthly, or yearly.
Cycle: A pattern in the data that repeats itself after a specific number of observations, which is not necessarily related to seasonality.
Irregularity: Random fluctuations in the data that cannot be easily explained by trend, seasonality, or cycle.
Autocorrelation: The correlation between an observation and a previous observation in the same time series.
Outliers: Extreme observations that are significantly different from the other observations in the data.
Noise: Unpredictable and random variations in the data.
By identifying these patterns in time series data, analysts can better understand the underlying structure and make more accurate forecasts.","Time series data consists of data points recorded at regular intervals, often representing variables evolving over time, and its components include trend, seasonality, cycle, irregularity, autocorrelation, outliers, and noise, crucial for analyzing patterns and making forecasts in fields like economics, finance, and weather forecasting."
"Trend
A trend in time series data refers to a long-term upward or downward movement in the data, indicating a general increase or decrease over time. The trend represents the underlying structure of the data, capturing the direction and magnitude of change over a longer period. In time series analysis, it is common to model and remove the trend from the data to better understand the underlying patterns and make more accurate forecasts. There are several types of trends in time series data:

Upward Trend: A trend that shows a general increase over time, where the values of the data tend to rise over time.
Downward Trend: A trend that shows a general decrease over time, where the values of the data tend to decrease over time.
Horizontal Trend: A trend that shows no significant change over time, where the values of the data remain constant over time.
Non-linear Trend: A trend that shows a more complex pattern of change over time, including upward or downward trends that change direction or magnitude over time.
Damped Trend: A trend that shows a gradual decline in the magnitude of change over time, where the rate of change slows down over time.
It’s important to note that time series data can have a combination of these types of trends or multiple trends present simultaneously. Accurately identifying and modeling the trend is a crucial step in time series analysis, as it can significantly impact the accuracy of forecasts and the interpretation of patterns in the data.","A trend in time series data represents a long-term movement, either upward, downward, horizontal, non-linear, or damped, reflecting the underlying direction and magnitude of change over time, crucial for understanding patterns and making accurate forecasts in time series analysis."
"Seasonality
Seasonality in time series data refers to patterns that repeat over a regular time period, such as a day, a week, a month, or a year. These patterns arise due to regular events, such as holidays, weekends, or the changing of seasons, and can be present in various types of time series data, such as sales, weather, or stock prices.

There are several types of seasonality in time series data, including:

Weekly Seasonality: A type of seasonality that repeats over a 7-day period and is commonly seen in time series data such as sales, energy usage, or transportation patterns.
Monthly Seasonality: A type of seasonality that repeats over a 30- or 31-day period and is commonly seen in time series data such as sales or weather patterns.
Annual Seasonality: A type of seasonality that repeats over a 365- or 366-day period and is commonly seen in time series data such as sales, agriculture, or tourism patterns.
Holiday Seasonality: A type of seasonality that is caused by special events such as holidays, festivals, or sporting events and is commonly seen in time series data such as sales, traffic, or entertainment patterns.","Seasonality in time series data refers to repeating patterns over regular time intervals, such as daily, weekly, monthly, or yearly, influenced by events like holidays or changing seasons, commonly observed in various data types like sales, weather, or stock prices."
"Cyclicity
Cyclicity in time series data refers to the repeated patterns or periodic fluctuations that occur in the data over a specific time interval. It can be due to various factors such as seasonality (daily, weekly, monthly, yearly), trends, and other underlying patterns.

Difference between Seasonality and Cyclicity
Seasonality refers to a repeating pattern in the data that occurs over a fixed time interval, such as daily, weekly, monthly, or yearly. Seasonality is a predictable and repeating pattern that can be due to various factors such as weather, holidays, and human behavior.

Cyclicity, on the other hand, refers to the repeated patterns or fluctuations that occur in the data over an unspecified time interval. These patterns can be due to various factors such as economic cycles, trends, and other underlying patterns. Cyclicity is not limited to a fixed time interval and can be of different frequencies, making it harder to identify and model.","Cyclicity in time series data involves periodic fluctuations that occur over unspecified time intervals, influenced by factors like economic cycles, trends, and other underlying patterns, distinguishing it from seasonality which involves repeating patterns over fixed time intervals."
"Autocorrelation
Autocorrelation in time series data refers to the degree of similarity between observations in a time series as a function of the time lag between them. Autocorrelation is a measure of the correlation between a time series and a lagged version of itself. In other words, it measures how closely related the values in the time series are to each other at different time lags.

Autocorrelation is a useful tool for understanding the properties of a time series, as it can provide information about the underlying patterns and dependencies in the data. For example, if a time series is positively autocorrelated at a certain time lag, this suggests that a positive value in the time series is likely to be followed by another positive value a certain amount of time later. On the other hand, if a time series is negatively autocorrelated at a certain time lag, this suggests that a positive value in the time series is likely to be followed by a negative value a certain amount of time later.

Autocorrelation can be computed using various statistical techniques, such as the Pearson correlation coefficient or the autocorrelation function (ACF). The autocorrelation function provides a graphical representation of the autocorrelation for different time lags and can be used to identify the dominant patterns and dependencies in the time series.","Autocorrelation in time series data measures the similarity between observations at different time lags, providing insights into underlying patterns and dependencies within the data."
"Outliers
Outliers in time series data are data points that are significantly different from the rest of the data points in the series. These can be due to various reasons such as measurement errors, extreme events, or changes in underlying data-generating processes. Outliers can have a significant impact on the results of time series analysis and modeling, as they can skew the statistical properties of the data.

Noise
Noise in time series data refers to random fluctuations or variations that are not due to an underlying pattern or trend. It is typically considered as any unpredictable and random variation in the data. These fluctuations can arise from various sources such as measurement errors, random fluctuations in the underlying process, or errors in data recording or processing. The presence of noise can make it difficult to identify the underlying trend or pattern in the data, and therefore it is important to remove or reduce the noise before any further analysis.","Outliers in time series data are extreme data points significantly deviating from the majority, while noise refers to random fluctuations disrupting the underlying patterns, both requiring attention in analysis and modeling for accurate insights."
"What is the Purpose of Python Data Visualization?
Matplotlib is a powerful plotting library in Python used for creating static, animated, and interactive visualizations. Its primary purpose is to provide users with the tools and functionality to represent data graphically, making it easier to analyze and understand.

Data visualization serves several important purposes:

Facilitating Understanding: Visual representations of data make it easier to understand complex datasets. Instead of poring over rows and columns of numbers, visualizations provide a clear and intuitive way to interpret information.
Identifying Patterns and Trends: Visualizations allow us to identify patterns, trends, and relationships within data that might not be immediately apparent from the raw data alone. By visualizing data, we can uncover insights that drive decision-making and strategy.
Communicating Insights: Visualizations are powerful tools for communicating insights to stakeholders, whether they are technical experts or non-technical audiences. Charts and graphs can convey complex information in a digestible format, facilitating communication and collaboration.
Spotting Anomalies and Outliers: Visualizations make it easier to spot anomalies, outliers, and unusual patterns in data. By visually inspecting data, analysts can quickly identify data points that deviate from the norm and investigate them further.
Exploratory Data Analysis: Visualizations play a crucial role in exploratory data analysis (EDA), allowing analysts to explore datasets and generate hypotheses. By creating visualizations, analysts can interactively explore data, test assumptions, and refine their understanding of the underlying patterns.","Python data visualization, facilitated by libraries like Matplotlib, aims to provide intuitive graphical representations of data, aiding in understanding complex datasets, identifying patterns, communicating insights, detecting anomalies, and conducting exploratory data analysis."